,PDB_ID
0,1TDF
1,1OYB
2,1AKT
3,1CZO
4,1GVR
5,2ABB
6,1YOB
7,1FCB
8,1JUE
9,1GRT
10,2FJE
11,2BGI
12,1AZL
13,1AKU
14,1JNZ
15,1VYR
16,1I7P
17,1BVY
18,1I8T
19,1NDA
20,1B2R
21,1D04
22,1PXA
23,1JB9
24,2FDX
25,1CZR
26,1FDR
27,1GER
28,1LTD
29,5NLL
30,1N4V
31,1GAL
32,1YKJ
33,1I1O
34,1O96
35,1QUE
36,1GVO
37,1H51
38,1JRO
39,1H50
40,1F6M
41,1FVX
42,1NHP
43,3NLL
44,1GR1
45,5NUL
46,2CND
47,1AKW
48,1EGE
49,3GRS
50,1B5T
51,1NEK
52,1DOR
53,1BU5
54,1B4V
55,1F4P
56,2FOX
57,1CJC
58,1CZK
59,4NLL
60,1BUC
61,1GVS
62,1J9G
63,1FLV
64,1IJH
65,1AKQ
66,1NHQ
67,1EFV
68,1A8P
69,1FX1
70,1C0K
71,1EFP
72,1GVH
73,1QRD
74,1VYP
75,1COY
76,1H85
77,1FLA
78,2PIA
79,1FLN
80,1Y9D
81,1EVI
82,1CZN
83,5ULL
84,1EP1
85,1NHR
86,2FCR
87,1GJR
88,1H62
89,1KQC
90,4NUL
91,1CNE
92,1FO4
93,3MDD
94,1J8Q
95,1AKV
96,1NEN
97,1FIQ
98,1OBV
99,1C0I
100,1CBO
101,1CZU
102,1H60
103,1JUB
104,1QH0
105,1KIF
106,1BWC
107,1IUX
108,1AG9
109,1CL0
110,1VYS
111,1QLT
112,1VE9
113,1UDY
114,1GVQ
115,1DX9
116,1O94
117,1POW
118,1GRA
119,1GV4
120,1E6E
121,1RCF
122,1CZL
123,1E1M
124,1OBO
125,2FLV
126,1DNP
127,1N1P
128,1OFV
129,1C7F
130,1NDH
131,1QGZ
132,2BGJ
133,1N4W
134,1AHN
135,1J9E
136,1TDE
137,1C7E
138,2FAX
139,4FX2
140,1SIQ
141,1B1C
142,1AMO
143,2ABA
144,1OYC
145,1F76
146,1FLM
147,1BJK
148,1JQV
149,1BKJ
150,1FNB
151,1IUW
152,1TLL
153,1PXB
154,1CZH
155,1EA0
156,1FLD
157,1PXC
158,1OYA
159,1FND
160,1KNR
161,1OVD
162,1FNC
163,1GWJ
164,1K0L
165,1F8W
166,1AOG
167,2FVX
168,1NEC
169,1AKR
170,1H61
171,1IUV
172,1K87
173,6NUL
174,1YKG
175,1LQU
176,1UXY
177,1E8G
178,5FX2
179,3MDE
180,1OQC
181,1MBT
182,1DO3
183,1ZP4
